video_id,edit_id,motion_alignment,clip_consistency,clip_text_alignment,dover_score,aesthetic_score,pick_score,dino_consistency
dog_wind,0,-0.3607068955898285,0.9720418292742509,30.64076225845902,0.7223695060650448,5.359462137575503,21.47679985894097,0.9506467534945562
dog_wind,1,-0.43542709946632385,0.9714094194082113,29.406851168032045,0.7124974892088206,5.390512148539226,21.124529520670574,0.9560720049417936
