video_id,edit_id,pick_score,aesthetic_score,dover_score,dino_consistency,clip_text_alignment,motion_alignment,clip_consistency
fox_turn_27,0,23.648928748236763,5.743350170276783,0.7886492038619112,0.9917417168617249,22.833536077428747,-0.526323676109314,0.9441262162648715
fox_turn_27,1,23.479799411914968,5.840992962872541,0.8007935561546234,0.9913045672269968,22.44681845770942,-0.5845124125480652,0.9440884658923516
fox_turn_27,2,21.793948420771844,5.6941726649249045,0.8429429354490223,0.9850780528325301,22.650665071275498,-0.6831760406494141,0.9451096539313977
fox_turn_27,3,21.67173279656304,5.71043207027294,0.861849719299614,0.9852282611223367,24.047886389273184,-0.7354133725166321,0.9413446233822749
fox_turn_27,4,22.87131224738227,5.433327445277461,0.6830519209749452,0.9875052112799424,29.46582462169506,-0.6344212889671326,0.9460909756330343
fox_turn_27,5,22.620868541576243,5.499323632982042,0.7166992726961902,0.9879035170261676,28.774845052648473,-0.7093902230262756,0.946904487334765
fox_turn_27,6,21.602765047991717,5.432655122545031,0.608903333165319,0.9898802294180944,27.055826540346498,-0.548872709274292,0.9519547934715564
fox_turn_27,7,21.47308716950593,5.454535872847946,0.644128637863441,0.9901773218925183,27.34933302137587,-0.5826960206031799,0.9621404088460482
