video_id,edit_id,aesthetic_score,clip_consistency,pick_score,motion_alignment,clip_text_alignment,dino_consistency,dover_score
cat_on_piano,0,5.560648653242323,0.9434075653553009,23.10570462544759,-4.038982391357422,33.567064921061196,0.9685480669140816,0.5761736504528814
cat_on_piano,1,5.794546604156494,0.9762618392705917,23.558266109890408,-1.6653692722320557,30.683093388875324,0.9720549657940865,0.8503415293579277
cat_on_piano,2,5.850043720669216,0.9320805296301842,23.838787926567925,-0.5275112390518188,33.63865449693468,0.9714671745896339,0.7603694192932996
